,Cross section area m2,Embedded Depth (m),Friction angle ϕ (deg),Effective Stress σv' (kPa),Qmax (kN)
0,0.2827433388230814,17.5,36.0,127.0,2230.0
1,0.2827433388230814,17.5,36.0,127.0,2450.0
2,0.2827433388230814,16.0,36.0,118.0,2250.0
3,0.2827433388230814,20.0,36.0,135.0,2830.0
4,0.2827433388230814,17.5,36.0,127.0,3050.0
5,0.6647610054996003,18.3,33.0,89.0,6900.0
6,0.04523893421169302,5.0,35.0,50.0,270.0
7,0.6361725123519332,11.0,41.0,113.0,8870.0
8,1.539380400258999,36.5,40.0,311.0,92200.0
9,0.1661902513749001,20.6,40.0,89.0,1668.0
10,0.09621127501618741,10.0,30.0,90.0,331.0
11,0.1256637061435917,10.0,30.0,90.0,460.0
12,0.650388219109427,19.2,41.0,135.0,6950.0
13,0.4536459791783661,16.7,41.0,94.0,4150.0
14,0.2922466566001905,5.5,30.0,45.0,400.0
15,0.2922466566001905,8.2,32.0,67.0,979.0
16,0.2042820622996763,12.2,34.0,53.0,863.0
17,0.2922466566001905,21.3,34.0,102.0,2727.0
18,0.4536459791783661,23.0,26.0,164.0,6867.0
19,0.4536459791783661,8.8,31.0,148.0,5690.0
20,0.4536459791783661,11.1,32.0,167.0,8927.0
21,0.6221138852271189,12.0,31.0,109.0,9786.0
22,0.1017876019763093,9.1,31.0,76.0,687.0
23,0.3117245310524472,9.3,31.0,50.0,932.0
24,0.4656625710783471,9.4,35.0,50.0,1893.0
25,0.4656625710783471,12.2,32.0,65.0,2845.0
26,0.5026548245743669,14.9,30.0,80.0,2747.0
27,0.6939778171779852,15.2,26.0,82.0,4169.0
28,0.6939778171779852,9.5,35.0,88.0,2796.0
29,0.2922466566001905,7.0,32.0,74.0,1265.0
30,0.21237166338267,24.0,30.0,170.0,2305.0
31,0.5026548245743669,11.0,26.0,82.0,1550.0
32,0.1661902513749001,5.2,30.0,43.0,1550.0
33,0.4536459791783661,5.2,30.0,43.0,2700.0
34,0.4536459791783661,4.3,30.0,34.0,680.0
35,0.7853981633974483,40.0,30.0,200.0,9900.0
36,0.4536459791783661,15.5,35.0,95.0,3041.0
37,0.4536459791783661,8.7,31.0,120.0,9712.0
38,0.4536459791783661,11.9,37.0,83.0,2600.0
39,0.1809557368467721,8.2,36.0,14.0,622.7
40,0.07068583470577035,3.7,37.0,42.0,191.3
41,0.8992023572737387,6.4,36.0,19.0,980.7
42,0.650388219109427,2.4,33.0,21.0,267.7
43,0.650388219109427,3.1,34.0,27.0,490.3
44,0.1017876019763093,6.1,35.0,49.0,686.5
45,0.1017876019763093,7.6,35.0,58.0,686.5
46,0.1017876019763093,9.1,35.0,70.0,686.5
47,0.1017876019763093,10.7,35.0,74.0,686.5
48,0.1017876019763093,12.2,35.0,77.0,686.5
49,0.4300840342764427,2.1,44.0,20.0,622.7
50,0.4300840342764427,3.1,44.0,29.0,2108.0
51,0.1963495408493621,10.0,30.0,90.0,500.0
52,0.01539380400258999,5.0,36.0,42.0,110.0
53,0.01539380400258999,5.0,36.0,42.0,68.0
54,0.01539380400258999,6.0,35.0,76.0,85.0
55,0.01539380400258999,6.0,35.0,76.0,85.0
56,0.2922466566001905,4.6,30.0,40.0,266.9
57,0.3216990877275949,3.2,28.0,29.0,756.2
58,1.814583916713464,12.2,34.0,57.0,3138.0
59,0.21237166338267,7.0,29.0,63.0,533.7
60,0.2206183440983432,12.0,31.0,80.0,714.0
61,0.2922466566001905,2.4,35.0,19.0,313.8
62,0.2922466566001905,2.4,35.0,19.0,392.7
63,0.1963495408493621,10.0,28.0,51.0,686.4
64,0.1963495408493621,10.0,28.0,51.0,764.9
65,2.24,40.62,34.0,227.3,24700.0
66,2.0,44.0,32.0,270.45,37000.0
67,2.16,51.2,33.6,309.24,59330.535
68,2.24,17.15,41.0,103.62,21500.0
69,1.08,28.0,32.0,225.34,11900.0
70,2.16,70.0,32.0,398.14,56486.592
71,2.8,15.1,34.0,104.66,22800.0
72,3.36,20.9,35.0,139.61,66000.0
73,4.76,9.5,39.0,84.78,24300.0
74,2.6,75.0,32.4,397.44,55500.0
75,2.6,75.0,33.0,424.08,58000.0
76,3.51,53.6,33.1,270.2,47088.0
77,3.51,53.6,33.1,270.2,48559.5
78,1.5,21.0,30.4,99.35,5101.2
79,2.88,28.7,35.5,222.08,53955.0
80,2.88,26.8,35.5,213.88,53464.5
81,1.26,20.5,36.6,167.06,12753.0
82,1.08,15.75,33.8,123.31,8829.0
83,0.9,11.5,31.0,63.48,2943.0
84,3.51,52.0,32.0,307.0,45107.6
85,3.51,52.0,33.0,307.0,54913.6
86,2.08,54.5,35.0,284.0,41188.14
87,2.25,63.1,29.0,328.49,54000.0
88,4.5,57.5,29.0,261.89,52500.0
89,4.5,57.5,29.0,261.89,51971.8
90,1.68,47.4,36.0,241.59,30900.0
91,2.16,83.0,29.0,512.399,60801.53999999999
92,2.08,49.0,31.0,233.05,41000.0
93,2.08,47.8,31.0,228.739,35000.0
94,2.16,43.8,29.0,228.72,27458.76
95,2.08,50.0,29.0,234.34,25987.755
96,2.16,31.0,29.0,162.875,17652.06
97,2.6,42.3,28.0,214.8,24026.415
98,2.08,39.5,26.0,197.122,12111.2745
99,1.2,17.7,28.0,118.8,11772.0
100,1.6,20.5,35.2,116.085,20502.9
101,1.6,20.5,35.2,116.085,16480.8
102,1.6,20.0,33.5,118.46,11772.0
103,1.6,20.0,33.5,118.46,12654.9
104,1.2,22.0,34.9,106.45,18050.4
105,1.2,17.1,36.0,88.029,16039.35
106,1.08,15.0,37.8,102.975,10006.2
107,1.08,15.0,37.8,102.975,6867.0
108,1.08,15.0,37.8,102.975,10791.0
109,1.512,16.6,34.0,76.649,16873.2
110,1.512,16.3,34.0,75.707,15696.0
111,1.08,28.0,35.0,129.24,10791.0
112,0.132025431267111,13.7,34.7,77.2,1780.0
113,0.06157521601035996,8.0,27.1,40.3,304.0
114,0.06157521601035996,16.0,27.1,73.9,510.0
115,0.06157521601035996,7.5,27.1,38.5,211.0
116,0.06157521601035996,11.5,27.1,59.5,338.0
117,0.06157521601035996,15.5,27.1,71.9,476.0
118,0.06157521601035996,19.5,29.2,87.6,662.0
119,0.06157521601035996,23.5,31.9,103.3,932.0
120,0.650388219109427,18.0,35.4,106.3,4980.0
121,0.2827433388230814,38.0,36.2,160.5,4893.0
122,0.1963495408493621,27.0,33.1,119.4,3095.0
123,0.2827433388230814,27.0,33.1,119.4,5871.0
124,0.2827433388230814,27.0,33.1,119.4,4448.0
125,0.2827433388230814,25.0,33.1,111.9,4982.0
126,0.2827433388230814,25.0,33.1,111.9,5338.0
127,0.1963495408493621,22.0,33.1,100.7,2580.0
128,0.1963495408493621,30.0,33.1,130.6,4386.0
129,0.1256637061435917,16.0,28.9,71.0,490.0
130,0.1256637061435917,20.0,28.9,86.5,726.0
131,0.2827433388230814,30.0,29.8,123.7,6472.0
132,0.2827433388230814,27.0,29.8,112.9,4560.0
133,0.07068583470577035,22.0,29.8,94.2,2354.0
134,0.1256637061435917,22.0,29.8,94.2,2609.0
135,0.1963495408493621,22.0,29.8,94.2,3579.0
136,0.2827433388230814,34.0,29.8,137.7,6276.0
137,0.2827433388230814,34.0,29.8,137.7,4903.0
138,0.2827433388230814,25.0,34.7,107.4,6080.0
139,0.1963495408493621,23.0,34.7,99.9,3373.0
140,0.1963495408493621,23.0,34.7,99.9,2599.0
141,0.07547676350249478,16.5,31.6,134.1,1880.0
142,0.07068583470577035,40.0,28.9,318.5,2844.0
143,0.650388219109427,10.4,33.1,95.5,3020.0
144,0.2827433388230814,27.0,33.1,135.0,5450.0
145,0.1963495408493621,10.0,30.6,55.7,980.0
146,0.1963495408493621,30.0,33.1,147.2,5850.0
147,0.1963495408493621,20.0,32.3,101.5,2750.0
148,0.1963495408493621,10.0,30.6,55.7,1000.0
149,0.132025431267111,45.5,33.0,221.3,3105.0
150,0.07547676350249478,41.8,29.0,196.6,1512.0
151,0.07068583470577035,21.7,35.0,119.6,2130.0
152,0.07068583470577035,19.8,37.0,110.8,1334.0
153,0.07068583470577035,22.9,39.0,125.9,2139.0
154,0.1385442360233099,40.0,32.0,392.4,1920.0
155,0.1661902513749001,13.0,27.0,111.9,2110.0
156,0.1661902513749001,17.7,31.0,158.4,2550.0
157,0.08042477193189872,31.0,24.0,204.5,4200.0
158,0.02544690049407733,14.0,22.0,108.5,270.0
159,0.1256637061435917,38.2,30.0,201.4,5100.0
160,0.1256637061435917,24.8,32.0,135.6,5225.0
161,0.07068583470577035,19.6,32.0,109.1,3000.0
162,0.1017876019763093,36.0,31.1,135.9,2500.0
163,1.474113812880671,8.2,30.0,73.4,4100.0
164,0.04908738521234052,14.5,28.0,58.5,350.0
165,0.04908738521234052,23.5,28.0,87.7,425.0
166,0.04908738521234052,11.5,28.0,56.7,270.0
167,0.07068583470577035,14.5,32.0,118.6,1600.0
168,0.09621127501618741,14.2,32.0,113.7,2200.0
169,0.04908738521234052,18.7,33.0,147.6,1200.0
170,0.7853981633974483,43.0,32.0,146.9,9050.0
171,0.7853981633974483,33.8,33.0,113.6,7280.0
172,0.2827433388230814,38.9,28.0,123.5,6550.0
173,0.2827433388230814,28.0,32.0,171.0,4750.0
174,0.5026548245743669,29.0,32.0,195.2,10800.0
175,0.5026548245743669,38.0,32.0,205.7,9200.0
176,0.5026548245743669,24.6,32.0,179.4,8200.0
177,0.5026548245743669,29.4,32.0,265.4,12000.0
178,0.456036731187748,18.8,37.7,94.4,7340.0
179,0.04337361357362408,12.8,31.9,62.8,450.0
180,0.09621127501618741,6.0,32.2,52.9,1150.0
181,0.07068583470577035,12.1,35.4,74.6,1373.0
182,0.07068583470577035,9.3,36.2,60.5,1079.0
183,0.07068583470577035,8.7,37.7,56.4,2354.0
184,0.0989798035421634,27.0,33.1,97.5,2550.0
185,0.1294618916617818,15.2,37.0,91.3,4119.0
186,0.06379396582195773,11.0,33.1,95.4,1100.0
187,0.06379396582195773,15.0,32.3,82.2,1600.0
188,0.1590431280879833,25.0,33.1,133.2,2860.0
189,0.07068583470577035,10.0,34.3,156.4,3150.0
190,0.07068583470577035,12.0,34.3,102.0,1960.0
191,0.2042820622996763,38.0,35.4,150.6,7250.0
192,0.07306166415004763,11.4,38.4,128.6,1779.0
193,0.07306166415004763,11.2,38.4,127.0,1779.0
194,0.07306166415004763,8.5,38.4,90.8,1245.0
195,0.07306166415004763,8.4,38.4,91.6,1468.0
196,0.07306166415004763,12.5,38.1,137.0,1779.0
197,0.07306166415004763,15.1,40.8,157.3,1601.0
198,0.07306166415004763,34.8,34.7,103.7,2847.0
199,0.07306166415004763,16.5,33.9,57.2,3069.0
200,0.05067074790974977,13.0,30.6,47.0,686.4
201,0.09953822163633899,10.0,34.7,43.9,1716.0
202,0.09953822163633899,16.5,32.4,85.6,1780.0
203,0.09953822163633899,19.4,31.6,73.6,2225.0
204,0.1640296210273937,19.2,31.5,73.1,2225.0
205,0.1640296210273937,15.5,26.2,30.6,1335.0
206,0.04908738521234052,9.3,29.7,75.9,700.0
207,0.07306166415004763,14.7,32.3,123.0,1223.0
208,0.1256637061435917,46.8,31.5,119.0,3200.0
209,0.1256637061435917,48.5,33.1,158.9,3700.0
210,0.2827433388230814,13.4,33.9,131.6,6750.0
211,0.2827433388230814,10.5,32.3,126.3,6950.0
212,0.2827433388230814,13.4,33.9,131.6,5250.0
213,0.1134114947945915,30.6,33.9,149.9,4300.0
214,0.1134114947945915,30.3,33.9,148.3,4600.0
215,0.1134114947945915,30.7,33.9,150.4,4000.0
216,0.05725552611167399,21.5,32.3,105.5,990.0
217,0.2922466566001905,18.0,31.5,68.5,3100.0
218,0.07068583470577035,18.2,36.3,159.3,1960.0
219,0.09621127501618741,17.4,36.3,152.3,2744.0
220,0.09621127501618741,18.6,36.3,162.8,1960.0
221,0.07068583470577035,14.7,36.3,128.6,2744.0
222,0.04908738521234052,16.8,36.3,147.0,1372.0
223,0.07068583470577035,15.0,28.0,94.1,550.0
224,0.1256637061435917,21.0,36.0,83.7,3200.0
225,0.06157521601035996,25.1,34.0,243.5,3726.0
226,0.08295768100885548,25.6,34.0,248.3,2550.0
227,0.1640296210273937,22.9,28.0,93.6,3700.0
228,0.07306166415004763,8.5,27.6,78.3,951.0
229,0.07306166415004763,4.4,33.9,38.5,412.0
230,0.1256637061435917,13.1,28.0,106.4,1275.0
231,0.1017876019763093,12.8,28.0,104.0,1962.0
232,0.1017876019763093,12.2,28.0,99.1,1962.0
233,0.09621127501618741,39.0,31.0,264.8,4000.0
234,0.05939573610693204,42.0,31.0,278.5,3000.0
235,0.09953822163633899,25.0,31.2,238.0,1779.0
236,0.04908738521234052,11.5,29.3,102.6,590.0
237,0.1256637061435917,20.0,34.0,148.2,1765.0
238,0.07306166415004763,6.1,30.6,35.5,400.0
239,0.1256637061435917,19.5,32.4,78.8,1765.2
240,0.09621127501618741,11.6,28.0,103.3,2900.0
241,0.1963495408493621,25.0,33.9,111.9,1513.0
242,0.1963495408493621,27.0,33.9,119.4,1780.0
243,0.1963495408493621,23.0,33.9,104.4,1157.0
244,0.1963495408493621,12.0,33.9,74.7,979.0
245,0.1963495408493621,23.0,33.9,104.4,1469.0
246,0.1963495408493621,23.0,33.9,104.4,1442.0
247,0.1963495408493621,25.0,33.9,111.9,1736.0
248,0.1963495408493621,12.0,33.9,74.7,1059.0
249,0.1963495408493621,11.0,33.9,69.8,1736.0
250,0.2827433388230814,20.0,28.9,86.5,1424.0
251,0.06157521601035996,8.0,27.1,34.6,97.9
252,0.06157521601035996,16.0,27.1,67.6,249.2
253,0.1963495408493621,23.0,33.9,104.6,1521.0
254,0.1963495408493621,9.0,33.9,75.9,1080.0
255,0.1963495408493621,9.0,33.9,75.9,1080.0
256,0.1963495408493621,14.0,33.9,117.4,1570.0
257,0.1963495408493621,14.0,33.9,117.4,1725.0
258,0.1963495408493621,11.0,33.9,92.5,1766.0
259,0.06379396582195773,11.0,33.1,95.0,590.0
260,0.07306166415004763,14.7,32.3,123.0,310.0
261,0.456036731187748,19.4,32.4,90.0,4003.0
262,0.2922466566001905,16.7,31.5,78.0,2758.0
263,0.456036731187748,20.1,33.0,93.0,4003.0
264,0.456036731187748,20.4,33.1,95.0,4195.0
265,0.2922466566001905,15.8,31.2,73.0,2313.0
266,0.2922466566001905,16.4,31.5,76.0,2535.0
267,0.456036731187748,17.7,31.9,82.0,2469.0
268,0.2922466566001905,13.8,30.6,64.0,1357.0
269,0.2922466566001905,13.5,30.6,63.0,1112.0
270,0.456036731187748,14.1,30.6,65.0,1415.0
271,0.2922466566001905,17.7,31.9,82.0,2847.0
272,0.02269800692218626,12.0,32.0,32.0,65.0
273,0.09953822163633899,15.2,34.0,41.0,960.0
274,0.09953822163633899,15.1,34.0,41.0,965.0
275,0.09953822163633899,17.7,34.0,49.0,943.0
276,0.09953822163633899,17.4,34.0,48.0,885.0
277,0.09953822163633899,11.6,34.0,31.0,534.0
278,0.09953822163633899,12.2,34.0,32.0,658.0
279,0.09953822163633899,12.2,34.0,32.0,409.0
280,0.03141592653589793,3.0,29.8,29.0,34.0
281,0.03141592653589793,3.0,29.8,29.0,44.0
282,0.07306166415004763,17.0,31.5,52.0,820.0
283,0.1963495408493621,17.5,26.0,147.0,1241.0
284,0.1963495408493621,7.5,27.5,61.0,360.0
285,0.07068583470577035,15.0,28.0,86.0,450.0
286,0.07306166415004763,6.4,31.0,37.0,405.0
287,0.07306166415004763,6.4,31.0,37.0,347.0
288,0.07306166415004763,6.4,31.0,37.0,300.0
289,0.04908738521234052,6.0,31.0,37.0,68.0
